adidas-ultra-boost-wood-wood-black,10 US / 44 EU (Consignment),9000000,1
supreme-scarface-blimp-tee-white,M,2500000,1
adidas-human-race-nmd-pharrell-sun-glow,42.6 EU / 9 US,7000000,1
supreme-nas-tee-white,L,5000000,1
adidas-human-race-nmd-pharrell-oreo,42 EU / 8.5 US ,8300000,1
nike-air-force-1-high-just-don-af100,44 EU / 10 US ,4000000,1
nike-flyknit-trainer-oreo,44 EU / 10 US ,3000000,1
air-jordan-1-retro-high-patent-gold-toe,45 EU / 11 US ,5000000,1
nike-air-vapormax-off-white,45 EU / 11 US ,16000000,1
nike-air-force-1-mid-supreme-nba-black,44.5 EU / 10.5 US ,4100000,1
nike-lunar-force-1-low-acronym-af100,45 EU / 11 US ,4500000,1
air-jordan-1-retro-high-bred-toe,42.5 EU / 9 US ,6000000,1
supreme-akirasupreme-syringe-tee-white,M,2500000,1
jordan-1-retro-yin-yang-black,10.5 US (Consignment),2350000,0
adidas-yeezy-boost-350-v2-steeple-grey-beluga-solar-red,37.3 / 5 US,15000000,1
supreme-scarface-shower-tee-black,L,1700000,1
supreme-scarface-shower-tee-red,M,1700000,1
nike-air-force-1-high-just-don-af100,44 EU / 10 US ,4500000,1
adidas-yeezy-boost-350-v2-semi-frozen-yellow,44 EU / 10 US,10900000,1
adidas-nmd-r1-primeknit-pink-rose-w,36 EU / 5 US,3500000,1
adidas-nmd-r1-icey-blue-white-w,38 EU / 6.5 US,3500000,1
adidas-yeezy-boost-350-v2-blue-tint,41.3 EU / 8 US,7000000,1
adidas-yeezy-boost-350-v2-beluga-2-0,44 EU / 10 US,6500000,1
supreme-akirasupreme-patches-hooded-sweatshirt-black,M,4500000,0
supreme-akirasupreme-syringe-tee-black,M,1500000,1
supreme-akirasupreme-pill-tee-black,M,1500000,0
adidas-eqt-support-93-17-milled-leather-black,42 EU / 8.5 US,3700000,1
adidas-eqt-support-93-17-milled-leather-black,43.3 EU / 9.5 US,3700000,1
supreme-brooklyn-box-logo-tee-white,M,11600000,1
adidas-ultra-boost-sneakersnstuff-social-status,45.3 EU / 11 US,6700000,1
adidas-ultra-boost-parley-night-navy,40 EU / 7 US,3300000,1
jordan-4-retro-white-cement-2012,45.3 EU / 11 US,4800000,1
jordan-12-retro-wings,45.3 EU / 11 US,9000000,1
jordan-4-retro-teal,45.3 EU / 11 US,3500000,0
jordan-4-retro-11lab4-black,45.3 EU / 11 US,4400000,1
jordan-4-retro-snakeskin,45.3 EU / 11 US,9800000,1
adidas-nmd-xr1-black,42 EU / 8.5 US,3700000,1
adidas-nmd-r2-white-mountaineering-black-white,45.3 EU / 11 US,4300000,1
adidas-nmd-r1-triple-black,42.7 EU / 9 US,3500000,1
adidas-nmd-r1-jd-sports-grey,42.7 EU / 9 US,3300000,1
adidas-nmd-r1-glitch-solid-grey-camo,43.3 EU / 9.5 US,3000000,1
adidas-nmd-r1-glitch-core-black-camo,45.3 EU / 11 US,3300000,1
adidas-nmd-r1-datamosh-collegiate-orange,38 EU / 5.5 US,5200000,1
adidas-nmd-r1-datamosh-clear-aqua,38 EU / 5.5 US,4900000,1
adidas-yeezy-boost-350-oxford-tan,41.3 EU / 8 US,20000000,0
adidas-yeezy-boost-350-oxford-tan,42 EU / 8.5 US,20000000,0
adidas-yeezy-boost-350-oxford-tan,42.7 EU / 9 US,20000000,0
adidas-yeezy-boost-350-v2-core-black-green,40 EU / 7 US,13500000,0
adidas-yeezy-boost-350-v2-core-black-green,41.3 EU / 8 US,10600000,0
adidas-yeezy-boost-350-v2-core-black-green,42.7 EU / 9 US,11800000,0
adidas-yeezy-boost-350-v2-core-black-green,43.3 EU / 9.5 US,11800000,0
adidas-yeezy-boost-350-v2-core-black-green,44 EU / 10 US,11800000,0
adidas-yeezy-boost-350-v2-core-black-copper,45.3 EU / 11 US,13500000,0
adidas-yeezy-boost-350-v2-core-black-white,41.3 EU / 8 US,13800000,0
adidas-yeezy-boost-350-v2-core-black-white,42 EU / 8.5 US,13800000,0
adidas-yeezy-boost-350-v2-core-black-white,42.7 EU / 9 US,13800000,0
adidas-yeezy-boost-350-v2-core-black-white,44 EU / 10 US,12800000,0
adidas-yeezy-boost-350-v2-core-black-white,44.7 EU / 10.5 US,11600000,0
adidas-yeezy-boost-350-v2-core-black-white,45.3 EU / 11 US,12800000,0
adidas-yeezy-boost-350-v2-core-black-white,46 EU / 11.5 US,13100000,0
adidas-yeezy-boost-350-v2-core-black-white,48 EU / 13 US,14100000,0
adidas-yeezy-boost-350-v2-core-black-red,42.7 EU / 9 US,17000000,0
adidas-yeezy-boost-350-v2-core-black-red,44.7 EU / 10.5 US,17000000,0
adidas-yeezy-boost-350-v2-core-black-red,46.6 EU / 12 US,17500000,0
adidas-yeezy-boost-350-v2-core-black-red,48 EU / 13 US,17500000,0
adidas-yeezy-boost-350-v2-core-black-red-2017,40.6 EU / 7.5 US,13500000,0
adidas-yeezy-boost-350-v2-core-black-red-2017,41.3 EU / 8 US,13500000,0
adidas-yeezy-boost-350-v2-core-black-red-2017,42 EU / 8.5 US,13500000,0
adidas-yeezy-boost-350-v2-core-black-red-2017,42.7 EU / 9 US,14500000,0
adidas-yeezy-boost-350-v2-core-black-red-2017,43.3 EU / 9.5 US,14500000,0
adidas-yeezy-boost-350-v2-core-black-red-2017,44 EU / 10 US,14500000,0
adidas-yeezy-boost-350-v2-core-black-red-2017,44.7 EU / 10.5 US,14500000,0
adidas-yeezy-boost-350-v2-core-black-red-2017,45.3 EU / 11 US,14500000,0
adidas-yeezy-boost-350-v2-core-black-red-2017,46 EU / 11.5 US,15500000,0
adidas-yeezy-boost-350-v2-white-core-black-red,42.7 EU / 9 US,9000000,0
adidas-yeezy-boost-350-v2-white-core-black-red,44 EU / 10 US,9000000,0
adidas-yeezy-boost-350-v2-white-core-black-red,45.3 EU / 11 US,9500000,2
adidas-yeezy-boost-350-v2-cream-white,40 EU / 7 US,9000000,0
adidas-yeezy-boost-350-v2-cream-white,40.6 EU / 7.5 US,9000000,0
adidas-yeezy-boost-350-v2-cream-white,42 EU / 8.5 US,7000000,0
adidas-yeezy-boost-350-v2-cream-white,43.3 EU / 9.5 US,7000000,0
adidas-nmd-core-black-lush-red,40.6 EU / 7.5 US,4900000,0
adidas-nmd-core-black-lush-red,42 EU / 8.5 US,4900000,0
adidas-nmd-core-black-lush-red,43.3 EU / 9.5 US,5200000,0
